datetime,cc,run,runtime,throughput_test,throughput_value,delay_test,delay_value
2019-08-21T17:06:02:+0200,bbr,1,30,True,105.20656206451613,True,90.736
2019-08-21T17:06:02:+0200,bbr,2,30,True,105.2054369032258,True,85.171
2019-08-21T17:06:02:+0200,bbr,3,30,True,106.63614348387095,True,85.398
2019-08-21T17:06:02:+0200,bbr,4,30,True,105.07232825806449,True,83.759
2019-08-21T17:06:02:+0200,bbr,5,30,True,105.0623091612903,True,85.24600000000001
2019-08-21T17:06:02:+0200,bbr,6,30,True,105.16390812903227,True,85.60600000000001
2019-08-21T17:06:02:+0200,bbr,7,30,True,106.34465548387097,True,87.084
2019-08-21T17:06:02:+0200,bbr,8,30,True,106.47759174193548,True,86.03399999999999
2019-08-21T17:06:02:+0200,bbr,9,30,True,105.2475829677419,True,84.734
2019-08-21T17:06:02:+0200,bbr,10,30,True,105.41598038709674,True,84.169
2019-08-20T15:34:33:+0200,bbr,1,30,True,105.33496464516126,True,84.741
2019-08-20T15:34:33:+0200,bbr,2,30,True,105.96730941935483,True,85.713
2019-08-20T15:34:33:+0200,bbr,3,30,True,105.06241858064516,False,
2019-08-20T15:34:33:+0200,bbr,4,30,True,105.036464516129,True,84.25399999999999
2019-08-20T15:34:33:+0200,bbr,5,30,True,105.0640784516129,True,86.512
2019-08-20T15:34:33:+0200,bbr,6,30,True,106.48085470967739,False,
2019-08-20T15:34:33:+0200,bbr,7,30,True,106.66194993548385,True,85.478
2019-08-20T15:34:33:+0200,bbr,8,30,True,106.46539251612901,True,85.068
2019-08-20T15:34:33:+0200,bbr,9,30,True,105.20867612903227,True,85.919
2019-08-20T15:34:33:+0200,bbr,10,30,True,105.18668077419353,True,85.64200000000001
2019-08-21T12:14:13:+0200,bbr,1,30,True,104.92284799999997,False,
2019-08-21T12:14:13:+0200,bbr,2,30,True,106.68988283870966,True,84.399
2019-08-21T12:14:13:+0200,bbr,3,30,True,105.31526709677419,True,84.90799999999999
2019-08-21T12:14:13:+0200,bbr,4,30,True,105.08674374193549,True,85.13
2019-08-21T12:14:13:+0200,bbr,5,30,True,105.31786219354836,True,84.561
2019-08-21T12:14:13:+0200,bbr,6,30,True,105.13613729032257,False,
2019-08-21T12:14:13:+0200,bbr,7,30,True,106.43184412903226,True,84.656
2019-08-21T12:14:13:+0200,bbr,8,30,True,105.36134709677417,True,85.161
2019-08-21T12:14:13:+0200,bbr,9,30,True,105.26102399999998,True,86.31299999999999
2019-08-21T12:14:13:+0200,bbr,10,30,True,104.67690012903225,True,85.70200000000001
2019-08-22T07:59:10:+0200,bbr,1,30,True,106.44112206451611,True,85.714
2019-08-22T07:59:10:+0200,bbr,2,30,True,106.44916438709679,True,85.461
2019-08-22T07:59:10:+0200,bbr,3,30,True,105.11608051612902,False,
2019-08-22T07:59:10:+0200,bbr,4,30,True,104.92092077419353,True,86.527
2019-08-22T07:59:10:+0200,bbr,5,30,True,106.44928722580643,True,85.214
2019-08-22T07:59:10:+0200,bbr,6,30,True,106.09725419354838,False,
2019-08-22T07:59:10:+0200,bbr,7,30,True,104.93930735483868,False,
2019-08-22T07:59:10:+0200,bbr,8,30,True,105.31034941935482,True,85.26899999999999
2019-08-22T07:59:10:+0200,bbr,9,30,True,104.9543618064516,True,87.17299999999999
2019-08-22T07:59:10:+0200,bbr,10,30,True,106.52633083870967,True,85.434
2019-08-22T10:18:28:+0200,bbr,1,30,True,106.4626467096774,True,84.84700000000001
2019-08-22T10:18:28:+0200,bbr,2,30,True,106.47548077419354,True,84.09100000000001
2019-08-22T10:18:28:+0200,bbr,3,30,True,105.10134812903226,True,84.445
2019-08-22T10:18:28:+0200,bbr,4,30,True,105.0829935483871,True,85.491
2019-08-22T10:18:28:+0200,bbr,5,30,True,105.05573677419353,False,
2019-08-22T10:18:28:+0200,bbr,6,30,True,106.5150224516129,True,85.744
2019-08-22T10:18:28:+0200,bbr,7,30,True,105.34484748387095,True,85.631
2019-08-22T10:18:28:+0200,bbr,8,30,True,105.1466818064516,True,84.584
2019-08-22T10:18:28:+0200,bbr,9,30,True,106.43531148387096,True,84.926
2019-08-22T10:18:28:+0200,bbr,10,30,True,106.49383741935483,True,84.64399999999999
2019-08-21T17:06:02:+0200,copa,1,30,True,100.98868645161292,True,61.056000000000004
2019-08-21T17:06:02:+0200,copa,2,30,True,105.2402064516129,True,48.761
2019-08-21T17:06:02:+0200,copa,3,30,True,97.08451303225809,True,58.695
2019-08-21T17:06:02:+0200,copa,4,30,True,92.90253419354839,True,61.75
2019-08-21T17:06:02:+0200,copa,5,30,True,105.91170683870969,True,49.342
2019-08-21T17:06:02:+0200,copa,6,30,True,100.85706322580644,True,50.016000000000005
2019-08-21T17:06:02:+0200,copa,7,30,True,98.34169599999998,True,52.558
2019-08-21T17:06:02:+0200,copa,8,30,True,80.47760929032256,True,64.883
2019-08-21T17:06:02:+0200,copa,9,30,True,96.89628696774196,True,52.968999999999994
2019-08-21T17:06:02:+0200,copa,10,30,True,89.72261574193547,True,63.236000000000004
2019-08-20T15:34:33:+0200,copa,1,30,True,105.37192877419356,True,49.118
2019-08-20T15:34:33:+0200,copa,2,30,True,105.4525935483871,True,48.045
2019-08-20T15:34:33:+0200,copa,3,30,True,78.70817858064517,True,63.32
2019-08-20T15:34:33:+0200,copa,4,30,True,99.21382399999999,True,52.58
2019-08-20T15:34:33:+0200,copa,5,30,True,89.48375741935484,True,61.718999999999994
2019-08-20T15:34:33:+0200,copa,6,30,True,93.5552701935484,True,56.108000000000004
2019-08-20T15:34:33:+0200,copa,7,30,True,100.21697032258064,True,51.281000000000006
2019-08-20T15:34:33:+0200,copa,8,30,True,84.58089290322582,True,60.739
2019-08-20T15:34:33:+0200,copa,9,30,True,97.11228696774195,True,60.288000000000004
2019-08-20T15:34:33:+0200,copa,10,30,True,103.73658425806451,True,50.336999999999996
2019-08-21T12:14:13:+0200,copa,1,30,True,85.42914683870967,True,62.637
2019-08-21T12:14:13:+0200,copa,2,30,True,104.36921600000001,True,48.885
2019-08-21T12:14:13:+0200,copa,3,30,True,96.07976670967744,True,58.928999999999995
2019-08-21T12:14:13:+0200,copa,4,30,True,98.45019458064517,True,58.166000000000004
2019-08-21T12:14:13:+0200,copa,5,30,True,96.9945331612903,True,62.878
2019-08-21T12:14:13:+0200,copa,6,30,True,91.0869821935484,True,63.371
2019-08-21T12:14:13:+0200,copa,7,30,True,93.00680670967742,True,66.45
2019-08-21T12:14:13:+0200,copa,8,30,True,85.26278193548387,True,63.081
2019-08-21T12:14:13:+0200,copa,9,30,True,91.90381832258065,True,58.798
2019-08-21T12:14:13:+0200,copa,10,30,True,81.45079329032258,True,68.452
2019-08-22T07:59:10:+0200,copa,1,30,True,95.0394033548387,True,58.135
2019-08-22T07:59:10:+0200,copa,2,30,True,104.64696361290325,True,54.24100000000001
2019-08-22T07:59:10:+0200,copa,3,30,True,90.00801651612903,True,63.933
2019-08-22T07:59:10:+0200,copa,4,30,True,95.48245677419355,True,56.981
2019-08-22T07:59:10:+0200,copa,5,30,True,101.6224412903226,True,54.295
2019-08-22T07:59:10:+0200,copa,6,30,True,99.4278689032258,True,56.417
2019-08-22T07:59:10:+0200,copa,7,30,True,86.12860077419356,True,62.167
2019-08-22T07:59:10:+0200,copa,8,30,True,87.90052335483871,True,59.482
2019-08-22T07:59:10:+0200,copa,9,30,True,100.32381522580644,True,52.303999999999995
2019-08-22T07:59:10:+0200,copa,10,30,True,100.80448412903225,True,52.62
2019-08-22T10:18:28:+0200,copa,1,30,True,106.25142296774193,True,50.17100000000001
2019-08-22T10:18:28:+0200,copa,2,30,True,76.5614864516129,True,64.673
2019-08-22T10:18:28:+0200,copa,3,30,True,99.46608722580645,True,58.39
2019-08-22T10:18:28:+0200,copa,4,30,True,86.69905135483869,True,61.57899999999999
2019-08-22T10:18:28:+0200,copa,5,30,True,92.32649496774194,True,59.751999999999995
2019-08-22T10:18:28:+0200,copa,6,30,True,101.85060954838711,True,49.714
2019-08-22T10:18:28:+0200,copa,7,30,True,100.80983948387095,True,50.788000000000004
2019-08-22T10:18:28:+0200,copa,8,30,True,94.38448722580647,True,59.339
2019-08-22T10:18:28:+0200,copa,9,30,True,86.86361393548387,True,61.896
2019-08-22T10:18:28:+0200,copa,10,30,True,85.79666993548388,True,61.33
2019-08-21T17:06:02:+0200,cubic,1,30,True,104.37459922580643,True,89.02600000000001
2019-08-21T17:06:02:+0200,cubic,2,30,True,107.8853698064516,True,90.265
2019-08-21T17:06:02:+0200,cubic,3,30,True,107.94554425806449,True,90.175
2019-08-21T17:06:02:+0200,cubic,4,30,True,107.92657651612902,True,90.166
2019-08-21T17:06:02:+0200,cubic,5,30,True,107.08848929032257,True,89.057
2019-08-21T17:06:02:+0200,cubic,6,30,True,107.0431989677419,True,88.955
2019-08-21T17:06:02:+0200,cubic,7,30,True,107.09857651612901,True,88.939
2019-08-21T17:06:02:+0200,cubic,8,30,True,108.05238296774192,True,90.316
2019-08-21T17:06:02:+0200,cubic,9,30,True,108.06706993548386,True,90.167
2019-08-21T17:06:02:+0200,cubic,10,30,True,107.96993135483869,True,90.305
2019-08-20T15:34:33:+0200,cubic,1,30,True,104.01414400000002,True,88.866
2019-08-20T15:34:33:+0200,cubic,2,30,True,107.7655700645161,True,90.37700000000001
2019-08-20T15:34:33:+0200,cubic,3,30,True,107.90954425806451,True,90.319
2019-08-20T15:34:33:+0200,cubic,4,30,True,108.09068283870967,True,90.30799999999999
2019-08-20T15:34:33:+0200,cubic,5,30,True,107.00180232258062,True,89.069
2019-08-20T15:34:33:+0200,cubic,6,30,True,107.16513445161289,True,89.066
2019-08-20T15:34:33:+0200,cubic,7,30,True,106.57171509677418,True,88.74
2019-08-20T15:34:33:+0200,cubic,8,30,True,107.18371406451612,True,89.02600000000001
2019-08-20T15:34:33:+0200,cubic,9,30,True,104.3873507096774,True,88.787
2019-08-20T15:34:33:+0200,cubic,10,30,True,104.55506374193548,True,89.038
2019-08-21T12:14:13:+0200,cubic,1,30,True,107.96221212903224,True,90.272
2019-08-21T12:14:13:+0200,cubic,2,30,True,108.0233507096774,True,90.354
2019-08-21T12:14:13:+0200,cubic,3,30,True,107.11096361290322,True,89.117
2019-08-21T12:14:13:+0200,cubic,4,30,True,108.00112619354839,True,90.272
2019-08-21T12:14:13:+0200,cubic,5,30,True,104.41256258064516,True,89.095
2019-08-21T12:14:13:+0200,cubic,6,30,True,107.96617496774195,True,90.39399999999999
2019-08-21T12:14:13:+0200,cubic,7,30,True,107.97109264516128,True,90.04299999999999
2019-08-21T12:14:13:+0200,cubic,8,30,True,107.82436025806452,True,90.29299999999999
2019-08-21T12:14:13:+0200,cubic,9,30,True,107.03042477419356,True,88.929
2019-08-21T12:14:13:+0200,cubic,10,30,True,108.07793135483871,True,90.137
2019-08-22T07:59:10:+0200,cubic,1,30,True,107.13117832258064,True,89.176
2019-08-22T07:59:10:+0200,cubic,2,30,True,108.03847019354838,True,90.382
2019-08-22T07:59:10:+0200,cubic,3,30,True,107.9865538064516,True,90.39299999999999
2019-08-22T07:59:10:+0200,cubic,4,30,True,104.45199587096776,True,88.887
2019-08-22T07:59:10:+0200,cubic,5,30,True,104.48528619354838,True,88.87700000000001
2019-08-22T07:59:10:+0200,cubic,6,30,True,107.85184412903223,True,90.139
2019-08-22T07:59:10:+0200,cubic,7,30,True,107.13264103225805,True,89.165
2019-08-22T07:59:10:+0200,cubic,8,30,True,107.15470554838708,True,89.03399999999999
2019-08-22T07:59:10:+0200,cubic,9,30,True,108.0051344516129,True,90.19200000000001
2019-08-22T07:59:10:+0200,cubic,10,30,True,107.94242477419355,True,90.31700000000001
2019-08-22T10:18:28:+0200,cubic,1,30,True,104.40242477419355,True,89.072
2019-08-22T10:18:28:+0200,cubic,2,30,True,108.00281703225804,True,90.056
2019-08-22T10:18:28:+0200,cubic,3,30,True,104.47834116129033,True,88.897
2019-08-22T10:18:28:+0200,cubic,4,30,True,108.00475354838709,True,90.272
2019-08-22T10:18:28:+0200,cubic,5,30,True,107.88939251612902,True,90.163
2019-08-22T10:18:28:+0200,cubic,6,30,True,107.05057651612903,True,89.055
2019-08-22T10:18:28:+0200,cubic,7,30,True,104.03987819354836,True,87.039
2019-08-22T10:18:28:+0200,cubic,8,30,True,107.90799587096772,True,90.17
2019-08-22T10:18:28:+0200,cubic,9,30,True,108.03842477419354,True,90.141
2019-08-22T10:18:28:+0200,cubic,10,30,True,107.1971581935484,True,88.961
2019-08-21T17:06:02:+0200,fillp,1,30,True,106.30233496774194,True,70.516
2019-08-21T17:06:02:+0200,fillp,2,30,True,106.1701956129032,True,71.093
2019-08-21T17:06:02:+0200,fillp,3,30,True,106.59578425806453,True,71.155
2019-08-21T17:06:02:+0200,fillp,4,30,True,106.93753703225805,True,71.866
2019-08-21T17:06:02:+0200,fillp,5,30,True,106.08002477419355,True,70.758
2019-08-21T17:06:02:+0200,fillp,6,30,True,106.40199948387095,True,71.545
2019-08-21T17:06:02:+0200,fillp,7,30,True,106.4218415483871,True,70.727
2019-08-21T17:06:02:+0200,fillp,8,30,True,106.50676025806453,True,71.612
2019-08-21T17:06:02:+0200,fillp,9,30,True,106.13461264516127,True,72.687
2019-08-21T17:06:02:+0200,fillp,10,30,True,106.84234425806454,True,73.43
2019-08-20T15:34:33:+0200,fillp,1,30,True,106.13944258064515,True,70.85
2019-08-20T15:34:33:+0200,fillp,2,30,True,106.12966606451612,True,71.888
2019-08-20T15:34:33:+0200,fillp,3,30,True,107.32627303225807,True,73.112
2019-08-20T15:34:33:+0200,fillp,4,30,True,105.70873290322578,True,70.333
2019-08-20T15:34:33:+0200,fillp,5,30,True,106.58388232258068,True,70.792
2019-08-20T15:34:33:+0200,fillp,6,30,True,106.62750761290323,True,72.046
2019-08-20T15:34:33:+0200,fillp,7,30,True,106.54507251612903,True,71.023
2019-08-20T15:34:33:+0200,fillp,8,30,True,106.39826270967741,True,70.291
2019-08-20T15:34:33:+0200,fillp,9,30,True,105.94888051612901,True,69.96600000000001
2019-08-20T15:34:33:+0200,fillp,10,30,True,106.9244190967742,True,71.171
2019-08-21T12:14:13:+0200,fillp,1,30,True,106.88223174193546,True,73.017
2019-08-21T12:14:13:+0200,fillp,2,30,True,106.70206967741933,True,71.678
2019-08-21T12:14:13:+0200,fillp,3,30,True,106.83699200000001,True,71.961
2019-08-21T12:14:13:+0200,fillp,4,30,True,106.66610064516131,True,73.112
2019-08-21T12:14:13:+0200,fillp,5,30,True,106.9105042580645,True,73.78
2019-08-21T12:14:13:+0200,fillp,6,30,True,106.65292180645162,True,73.30199999999999
2019-08-21T12:14:13:+0200,fillp,7,30,True,106.63250890322581,True,71.704
2019-08-21T12:14:13:+0200,fillp,8,30,True,107.87581316129032,True,75.178
2019-08-21T12:14:13:+0200,fillp,9,30,True,106.82602322580644,True,72.275
2019-08-21T12:14:13:+0200,fillp,10,30,True,106.28588387096774,True,70.464
2019-08-22T07:59:10:+0200,fillp,1,30,True,107.00567845161291,True,71.229
2019-08-22T07:59:10:+0200,fillp,2,30,True,106.24087019354837,True,72.691
2019-08-22T07:59:10:+0200,fillp,3,30,True,106.34769341935484,True,71.347
2019-08-22T07:59:10:+0200,fillp,4,30,True,105.9528258064516,True,72.547
2019-08-22T07:59:10:+0200,fillp,5,30,True,105.883392,True,69.89699999999999
2019-08-22T07:59:10:+0200,fillp,6,30,False,,True,70.877
2019-08-22T07:59:10:+0200,fillp,7,30,True,107.01358864516126,True,72.958
2019-08-22T07:59:10:+0200,fillp,8,30,True,106.48008567741934,True,71.479
2019-08-22T07:59:10:+0200,fillp,9,30,True,105.38688309677418,True,69.968
2019-08-22T07:59:10:+0200,fillp,10,30,True,106.64891148387095,True,70.858
2019-08-22T10:18:28:+0200,fillp,1,30,True,106.2773058064516,True,70.81
2019-08-22T10:18:28:+0200,fillp,2,30,True,106.53456309677418,True,71.202
2019-08-22T10:18:28:+0200,fillp,3,30,True,105.73941574193547,True,69.885
2019-08-22T10:18:28:+0200,fillp,4,30,True,106.72484129032259,True,71.958
2019-08-22T10:18:28:+0200,fillp,5,30,True,105.73617858064517,True,71.958
2019-08-22T10:18:28:+0200,fillp,6,30,True,105.9979581935484,True,70.476
2019-08-22T10:18:28:+0200,fillp,7,30,True,106.47064051612904,True,70.495
2019-08-22T10:18:28:+0200,fillp,8,30,True,105.78146477419355,True,69.413
2019-08-22T10:18:28:+0200,fillp,9,30,True,106.0856464516129,True,70.567
2019-08-22T10:18:28:+0200,fillp,10,30,True,106.47049806451615,True,72.59
2019-08-21T17:06:02:+0200,fillp_sheep,1,30,True,103.8817197419355,True,69.928
2019-08-21T17:06:02:+0200,fillp_sheep,2,30,True,103.5915251612903,True,71.26100000000001
2019-08-21T17:06:02:+0200,fillp_sheep,3,30,True,104.00613161290322,True,70.46600000000001
2019-08-21T17:06:02:+0200,fillp_sheep,4,30,True,103.80157935483872,True,70.752
2019-08-21T17:06:02:+0200,fillp_sheep,5,30,True,103.31039380645163,True,68.628
2019-08-21T17:06:02:+0200,fillp_sheep,6,30,True,104.15417599999999,True,70.164
2019-08-21T17:06:02:+0200,fillp_sheep,7,30,True,103.64836335483871,True,69.649
2019-08-21T17:06:02:+0200,fillp_sheep,8,30,True,103.80831793548386,True,70.263
2019-08-21T17:06:02:+0200,fillp_sheep,9,30,True,103.75950451612906,True,69.14
2019-08-21T17:06:02:+0200,fillp_sheep,10,30,True,104.02916129032256,True,70.297
2019-08-20T15:34:33:+0200,fillp_sheep,1,30,True,104.21268025806452,True,69.178
2019-08-20T15:34:33:+0200,fillp_sheep,2,30,True,103.32809703225806,True,70.124
2019-08-20T15:34:33:+0200,fillp_sheep,3,30,True,104.08018374193549,True,69.847
2019-08-20T15:34:33:+0200,fillp_sheep,4,30,True,104.23636851612903,True,70.09
2019-08-20T15:34:33:+0200,fillp_sheep,5,30,True,104.24960825806451,True,70.453
2019-08-20T15:34:33:+0200,fillp_sheep,6,30,True,104.26890116129032,True,71.062
2019-08-20T15:34:33:+0200,fillp_sheep,7,30,True,104.31158709677416,True,70.792
2019-08-20T15:34:33:+0200,fillp_sheep,8,30,True,104.58964025806452,True,70.53399999999999
2019-08-20T15:34:33:+0200,fillp_sheep,9,30,True,103.79556129032257,True,69.953
2019-08-20T15:34:33:+0200,fillp_sheep,10,30,True,104.13755458064514,True,70.635
2019-08-21T12:14:13:+0200,fillp_sheep,1,30,True,103.45593393548387,True,68.615
2019-08-21T12:14:13:+0200,fillp_sheep,2,30,True,103.8447566451613,True,69.60600000000001
2019-08-21T12:14:13:+0200,fillp_sheep,3,30,True,104.12681703225807,True,70.126
2019-08-21T12:14:13:+0200,fillp_sheep,4,30,True,104.04815896774191,True,70.221
2019-08-21T12:14:13:+0200,fillp_sheep,5,30,False,,True,69.455
2019-08-21T12:14:13:+0200,fillp_sheep,6,30,True,104.16247741935481,True,70.98100000000001
2019-08-21T12:14:13:+0200,fillp_sheep,7,30,False,,False,
2019-08-21T12:14:13:+0200,fillp_sheep,8,30,True,104.28171767741935,True,69.645
2019-08-21T12:14:13:+0200,fillp_sheep,9,30,True,103.96630503225805,True,69.933
2019-08-21T12:14:13:+0200,fillp_sheep,10,30,True,104.77434012903227,True,71.881
2019-08-22T07:59:10:+0200,fillp_sheep,1,30,False,,False,
2019-08-22T07:59:10:+0200,fillp_sheep,2,30,True,104.20456258064516,True,70.561
2019-08-22T07:59:10:+0200,fillp_sheep,3,30,True,104.62432,True,70.528
2019-08-22T07:59:10:+0200,fillp_sheep,4,30,True,104.01282890322584,True,70.825
2019-08-22T07:59:10:+0200,fillp_sheep,5,30,True,103.86887638709678,True,69.923
2019-08-22T07:59:10:+0200,fillp_sheep,6,30,True,104.50770993548389,True,70.446
2019-08-22T07:59:10:+0200,fillp_sheep,7,30,True,103.70968154838711,True,69.378
2019-08-22T07:59:10:+0200,fillp_sheep,8,30,True,103.9456,True,70.277
2019-08-22T07:59:10:+0200,fillp_sheep,9,30,True,104.41495741935482,True,70.956
2019-08-22T07:59:10:+0200,fillp_sheep,10,30,True,103.9097682580645,True,69.414
2019-08-22T10:18:28:+0200,fillp_sheep,1,30,True,103.88706270967744,True,70.712
2019-08-22T10:18:28:+0200,fillp_sheep,2,30,True,102.94305445161292,True,68.958
2019-08-22T10:18:28:+0200,fillp_sheep,3,30,True,103.72038606451612,True,70.52
2019-08-22T10:18:28:+0200,fillp_sheep,4,30,True,104.17284335483872,True,70.36
2019-08-22T10:18:28:+0200,fillp_sheep,5,30,True,103.27047225806447,True,68.881
2019-08-22T10:18:28:+0200,fillp_sheep,6,30,True,103.70716283870969,True,69.172
2019-08-22T10:18:28:+0200,fillp_sheep,7,30,True,104.06548232258064,True,70.854
2019-08-22T10:18:28:+0200,fillp_sheep,8,30,True,104.01320051612903,True,70.676
2019-08-22T10:18:28:+0200,fillp_sheep,9,30,True,104.41754632258063,True,69.641
2019-08-22T10:18:28:+0200,fillp_sheep,10,30,True,104.26284799999999,True,69.986
2019-08-21T17:06:02:+0200,indigo,1,30,True,98.65893600000003,True,48.958
2019-08-21T17:06:02:+0200,indigo,2,30,True,98.24938761290323,True,49.071999999999996
2019-08-21T17:06:02:+0200,indigo,3,30,True,98.69493600000001,True,48.92100000000001
2019-08-21T17:06:02:+0200,indigo,4,30,True,97.9985489032258,True,48.886
2019-08-21T17:06:02:+0200,indigo,5,30,True,98.65041987096774,True,48.864
2019-08-21T17:06:02:+0200,indigo,6,30,True,98.69029083870967,True,49.028999999999996
2019-08-21T17:06:02:+0200,indigo,7,30,True,99.0963553548387,True,48.707
2019-08-21T17:06:02:+0200,indigo,8,30,True,99.7261618064516,True,48.571999999999996
2019-08-21T17:06:02:+0200,indigo,9,30,True,98.22267793548389,True,48.988
2019-08-21T17:06:02:+0200,indigo,10,30,True,99.07932309677419,True,48.635
2019-08-20T15:34:33:+0200,indigo,1,30,True,89.18121363934426,True,48.583999999999996
2019-08-20T15:34:33:+0200,indigo,2,30,True,101.63145212903225,True,48.888999999999996
2019-08-20T15:34:33:+0200,indigo,3,30,True,98.63493600000001,True,48.521
2019-08-20T15:34:33:+0200,indigo,4,30,True,100.45506503225806,True,48.916000000000004
2019-08-20T15:34:33:+0200,indigo,5,30,True,98.91519406451614,True,48.842
2019-08-20T15:34:33:+0200,indigo,6,30,True,99.29764567741935,True,48.515
2019-08-20T15:34:33:+0200,indigo,7,30,True,99.64641987096775,True,48.527
2019-08-20T15:34:33:+0200,indigo,8,30,True,105.09751664516128,True,49.053999999999995
2019-08-20T15:34:33:+0200,indigo,9,30,True,94.11867793548384,True,48.873999999999995
2019-08-20T15:34:33:+0200,indigo,10,30,True,98.52345212903224,True,49.013999999999996
2019-08-21T12:14:13:+0200,indigo,1,30,True,100.0993230967742,True,48.595
2019-08-21T12:14:13:+0200,indigo,2,30,True,100.83867793548387,True,49.11600000000001
2019-08-21T12:14:13:+0200,indigo,3,30,True,99.5581618064516,True,48.699
2019-08-21T12:14:13:+0200,indigo,4,30,True,98.76654890322578,True,48.696000000000005
2019-08-21T12:14:13:+0200,indigo,5,30,True,100.11480696774194,True,48.992
2019-08-21T12:14:13:+0200,indigo,6,30,True,103.42990374193548,True,48.952
2019-08-21T12:14:13:+0200,indigo,7,30,True,98.62487148387098,True,48.783
2019-08-21T12:14:13:+0200,indigo,8,30,True,97.06603277419356,True,48.91
2019-08-21T12:14:13:+0200,indigo,9,30,True,98.61790374193549,True,48.623999999999995
2019-08-21T12:14:13:+0200,indigo,10,30,True,98.50951664516131,True,48.82899999999999
2019-08-22T07:59:10:+0200,indigo,1,30,True,98.7499037419355,True,48.696000000000005
2019-08-22T07:59:10:+0200,indigo,2,30,True,98.76500051612904,True,48.71
2019-08-22T07:59:10:+0200,indigo,3,30,True,98.77467793548388,True,48.855
2019-08-22T07:59:10:+0200,indigo,4,30,True,97.89983922580645,True,48.901
2019-08-22T07:59:10:+0200,indigo,5,30,True,99.00848438709677,True,48.648999999999994
2019-08-22T07:59:10:+0200,indigo,6,30,True,98.4564843870968,True,48.795
2019-08-22T07:59:10:+0200,indigo,7,30,True,98.8025489032258,True,49.028
2019-08-22T07:59:10:+0200,indigo,8,30,True,100.21158116129031,True,48.79
2019-08-22T07:59:10:+0200,indigo,9,30,True,97.09622632258066,True,49.31399999999999
2019-08-22T07:59:10:+0200,indigo,10,30,True,99.37545212903227,True,49.102
2019-08-22T10:18:28:+0200,indigo,1,30,True,99.23919406451614,True,48.535
2019-08-22T10:18:28:+0200,indigo,2,30,True,105.22061341935485,True,49.129
2019-08-22T10:18:28:+0200,indigo,3,30,True,100.07300051612904,True,48.736000000000004
2019-08-22T10:18:28:+0200,indigo,4,30,True,97.88087148387098,True,48.847
2019-08-22T10:18:28:+0200,indigo,5,30,True,98.50487148387097,True,49.114
2019-08-22T10:18:28:+0200,indigo,6,30,True,100.49648438709674,True,48.733999999999995
2019-08-22T10:18:28:+0200,indigo,7,30,True,98.03571019354838,True,49.101000000000006
2019-08-22T10:18:28:+0200,indigo,8,30,True,99.52138761290324,True,48.961999999999996
2019-08-22T10:18:28:+0200,indigo,9,30,True,99.3963553548387,True,48.628
2019-08-22T10:18:28:+0200,indigo,10,30,True,100.06061341935484,True,48.646
2019-08-21T17:06:02:+0200,ledbat,1,30,True,39.97092438709677,True,47.868
2019-08-21T17:06:02:+0200,ledbat,2,30,True,39.94555096774193,True,47.858999999999995
2019-08-21T17:06:02:+0200,ledbat,3,30,True,39.98000412903227,True,47.907
2019-08-21T17:06:02:+0200,ledbat,4,30,True,39.909610322580654,True,47.885
2019-08-21T17:06:02:+0200,ledbat,5,30,True,39.98190864516128,True,47.793
2019-08-21T17:06:02:+0200,ledbat,6,30,True,39.82112154838709,True,47.935
2019-08-21T17:06:02:+0200,ledbat,7,30,True,39.95463070967741,True,47.803999999999995
2019-08-21T17:06:02:+0200,ledbat,8,30,True,39.892964129032244,True,47.861999999999995
2019-08-21T17:06:02:+0200,ledbat,9,30,True,39.865006967741934,True,47.818000000000005
2019-08-21T17:06:02:+0200,ledbat,10,30,True,39.9485775483871,True,47.854
2019-08-20T15:34:33:+0200,ledbat,1,30,True,36.428690064516125,True,47.803999999999995
2019-08-20T15:34:33:+0200,ledbat,2,30,True,39.92930890322581,True,47.831
2019-08-20T15:34:33:+0200,ledbat,3,30,True,39.99246296774194,True,47.775
2019-08-20T15:34:33:+0200,ledbat,4,30,True,39.930443870967736,True,47.817
2019-08-20T15:34:33:+0200,ledbat,5,30,True,39.743187096774186,True,47.949
2019-08-20T15:34:33:+0200,ledbat,6,30,True,39.88921961290322,True,47.781000000000006
2019-08-20T15:34:33:+0200,ledbat,7,30,True,39.843064258064516,True,47.778999999999996
2019-08-20T15:34:33:+0200,ledbat,8,30,True,40.00497341935484,True,47.778
2019-08-20T15:34:33:+0200,ledbat,9,30,True,39.98716645161291,True,47.757
2019-08-20T15:34:33:+0200,ledbat,10,30,True,40.06699251612902,True,47.791000000000004
2019-08-21T12:14:13:+0200,ledbat,1,30,True,39.95084748387097,True,47.898999999999994
2019-08-21T12:14:13:+0200,ledbat,2,30,True,39.97052025806452,True,47.848
2019-08-21T12:14:13:+0200,ledbat,3,30,True,39.977330064516124,True,47.812
2019-08-21T12:14:13:+0200,ledbat,4,30,True,39.948955870967744,True,47.77
2019-08-21T12:14:13:+0200,ledbat,5,30,True,39.996624516129025,True,47.831
2019-08-21T12:14:13:+0200,ledbat,6,30,True,39.88539767741936,True,47.931000000000004
2019-08-21T12:14:13:+0200,ledbat,7,30,True,40.01289238709677,True,47.733000000000004
2019-08-21T12:14:13:+0200,ledbat,8,30,True,39.9167984516129,True,47.882
2019-08-21T12:14:13:+0200,ledbat,9,30,True,39.976573419354835,True,47.92
2019-08-21T12:14:13:+0200,ledbat,10,30,True,39.92587819354839,True,47.867
2019-08-22T07:59:10:+0200,ledbat,1,30,True,39.92625651612904,True,47.868
2019-08-22T07:59:10:+0200,ledbat,2,30,True,39.96789780645162,True,47.806999999999995
2019-08-22T07:59:10:+0200,ledbat,3,30,True,39.8748433548387,True,47.801
2019-08-22T07:59:10:+0200,ledbat,4,30,True,39.919094193548375,True,47.879
2019-08-22T07:59:10:+0200,ledbat,5,30,True,39.90397419354839,True,47.838
2019-08-22T07:59:10:+0200,ledbat,6,30,True,39.96825032258063,True,47.87
2019-08-22T07:59:10:+0200,ledbat,7,30,True,39.97884335483871,True,47.82
2019-08-22T07:59:10:+0200,ledbat,8,30,True,39.886180129032255,True,47.946000000000005
2019-08-22T07:59:10:+0200,ledbat,9,30,True,39.858184258064504,True,47.945
2019-08-22T07:59:10:+0200,ledbat,10,30,True,39.977708387096776,True,47.863
2019-08-22T10:18:28:+0200,ledbat,1,30,True,23.232016,True,47.843999999999994
2019-08-22T10:18:28:+0200,ledbat,2,30,True,40.02764696774194,True,47.754
2019-08-22T10:18:28:+0200,ledbat,3,30,True,39.9928670967742,True,47.81
2019-08-22T10:18:28:+0200,ledbat,4,30,True,40.02840361290321,True,47.708
2019-08-22T10:18:28:+0200,ledbat,5,30,True,40.01102658064516,True,47.769
2019-08-22T10:18:28:+0200,ledbat,6,30,True,39.86421161290322,True,47.846000000000004
2019-08-22T10:18:28:+0200,ledbat,7,30,True,39.93949780645161,True,47.833
2019-08-22T10:18:28:+0200,ledbat,8,30,True,40.01364903225807,True,47.706
2019-08-22T10:18:28:+0200,ledbat,9,30,True,40.046184774193534,True,47.746
2019-08-22T10:18:28:+0200,ledbat,10,30,True,40.068505806451604,True,47.681000000000004
2019-08-21T17:06:02:+0200,pcc,1,30,True,97.58912103225806,True,52.464
2019-08-21T17:06:02:+0200,pcc,2,30,True,82.35108541935485,True,56.43899999999999
2019-08-21T17:06:02:+0200,pcc,3,30,True,99.87306735483874,True,49.665
2019-08-21T17:06:02:+0200,pcc,4,30,True,92.72075870967743,True,50.61
2019-08-21T17:06:02:+0200,pcc,5,30,True,93.82505703225806,True,57.43
2019-08-21T17:06:02:+0200,pcc,6,30,True,98.280416,True,50.07899999999999
2019-08-21T17:06:02:+0200,pcc,7,30,True,88.23655122580647,True,71.403
2019-08-21T17:06:02:+0200,pcc,8,30,True,99.91170064516129,True,51.115
2019-08-21T17:06:02:+0200,pcc,9,30,True,97.7144433548387,True,54.155
2019-08-21T17:06:02:+0200,pcc,10,30,True,93.48741677419356,True,55.28
2019-08-20T15:34:33:+0200,pcc,1,30,True,97.64993651612903,True,50.681999999999995
2019-08-20T15:34:33:+0200,pcc,2,30,True,100.64390503225806,True,50.101000000000006
2019-08-20T15:34:33:+0200,pcc,3,30,True,85.84306477419358,True,52.901
2019-08-20T15:34:33:+0200,pcc,4,30,True,90.57515354838709,True,59.623000000000005
2019-08-20T15:34:33:+0200,pcc,5,30,True,99.22122941935484,True,55.507
2019-08-20T15:34:33:+0200,pcc,6,30,True,89.86645264516129,True,67.176
2019-08-20T15:34:33:+0200,pcc,7,30,True,88.32489909677419,True,72.563
2019-08-20T15:34:33:+0200,pcc,8,30,True,73.53112258064517,True,46.122
2019-08-20T15:34:33:+0200,pcc,9,30,True,94.32952154838709,True,61.321000000000005
2019-08-20T15:34:33:+0200,pcc,10,30,True,87.10756335483873,True,71.164
2019-08-21T12:14:13:+0200,pcc,1,30,True,97.54204903225806,True,58.518
2019-08-21T12:14:13:+0200,pcc,2,30,True,99.78988180645162,True,53.731
2019-08-21T12:14:13:+0200,pcc,3,30,True,98.83114116129032,True,56.843
2019-08-21T12:14:13:+0200,pcc,4,30,True,99.17171716129033,True,49.803999999999995
2019-08-21T12:14:13:+0200,pcc,5,30,True,97.6402095483871,True,49.8
2019-08-21T12:14:13:+0200,pcc,6,30,True,98.87933419354837,True,52.911
2019-08-21T12:14:13:+0200,pcc,7,30,True,92.42699767741937,True,66.63600000000001
2019-08-21T12:14:13:+0200,pcc,8,30,True,96.74542141935481,True,55.19
2019-08-21T12:14:13:+0200,pcc,9,30,True,92.6999710967742,True,61.558
2019-08-21T12:14:13:+0200,pcc,10,30,True,87.44356851612903,True,58.883
2019-08-22T07:59:10:+0200,pcc,1,30,True,82.37735122580646,True,61.291000000000004
2019-08-22T07:59:10:+0200,pcc,2,30,True,100.42673651612903,True,51.89
2019-08-22T07:59:10:+0200,pcc,3,30,True,81.52720206451612,True,49.478
2019-08-22T07:59:10:+0200,pcc,4,30,True,92.7102110967742,True,51.57899999999999
2019-08-22T07:59:10:+0200,pcc,5,30,True,94.34598296774195,True,60.218999999999994
2019-08-22T07:59:10:+0200,pcc,6,30,True,97.24167019354842,True,60.898
2019-08-22T07:59:10:+0200,pcc,7,30,True,89.60891561290325,True,57.176
2019-08-22T07:59:10:+0200,pcc,8,30,True,95.34097341935484,True,59.391000000000005
2019-08-22T07:59:10:+0200,pcc,9,30,True,95.02854812903225,True,52.486000000000004
2019-08-22T07:59:10:+0200,pcc,10,30,True,95.0088258064516,True,69.809
2019-08-22T10:18:28:+0200,pcc,1,30,True,91.64966812903225,True,50.788000000000004
2019-08-22T10:18:28:+0200,pcc,2,30,True,80.81996490322581,True,54.214
2019-08-22T10:18:28:+0200,pcc,3,30,True,92.82553393548388,True,48.208999999999996
2019-08-22T10:18:28:+0200,pcc,4,30,True,87.19339045161288,True,51.93
2019-08-22T10:18:28:+0200,pcc,5,30,True,82.76488877419354,True,66.639
2019-08-22T10:18:28:+0200,pcc,6,30,True,98.84780387096774,True,50.132
2019-08-22T10:18:28:+0200,pcc,7,30,True,96.54527896774194,True,61.096000000000004
2019-08-22T10:18:28:+0200,pcc,8,30,True,75.165408,True,51.457
2019-08-22T10:18:28:+0200,pcc,9,30,True,85.99802838709678,True,47.951
2019-08-22T10:18:28:+0200,pcc,10,30,True,89.52247845161291,True,51.192
2019-08-21T17:06:02:+0200,pcc_experimental,1,30,True,99.9003726451613,True,64.266
2019-08-21T17:06:02:+0200,pcc_experimental,2,30,True,98.14452232258064,True,69.984
2019-08-21T17:06:02:+0200,pcc_experimental,3,30,True,99.84369754838707,True,68.18
2019-08-21T17:06:02:+0200,pcc_experimental,4,30,True,97.71397780645161,True,70.01
2019-08-21T17:06:02:+0200,pcc_experimental,5,30,True,101.94600258064516,True,66.446
2019-08-21T17:06:02:+0200,pcc_experimental,6,30,True,99.9673249032258,True,69.749
2019-08-21T17:06:02:+0200,pcc_experimental,7,30,True,96.18895277419357,True,70.47800000000001
2019-08-21T17:06:02:+0200,pcc_experimental,8,30,True,98.95123406451613,True,69.916
2019-08-21T17:06:02:+0200,pcc_experimental,9,30,True,99.03522477419354,True,70.351
2019-08-21T17:06:02:+0200,pcc_experimental,10,30,True,99.14508180645161,True,67.941
2019-08-20T15:34:33:+0200,pcc_experimental,1,30,True,100.34033961290322,True,64.13
2019-08-20T15:34:33:+0200,pcc_experimental,2,30,True,98.35926709677418,True,69.236
2019-08-20T15:34:33:+0200,pcc_experimental,3,30,True,98.16517367741936,True,69.311
2019-08-20T15:34:33:+0200,pcc_experimental,4,30,True,100.17504206451612,True,65.812
2019-08-20T15:34:33:+0200,pcc_experimental,5,30,True,100.07944877419354,True,63.946000000000005
2019-08-20T15:34:33:+0200,pcc_experimental,6,30,True,99.52857187096775,True,68.76899999999999
2019-08-20T15:34:33:+0200,pcc_experimental,7,30,True,100.3144753548387,True,69.303
2019-08-20T15:34:33:+0200,pcc_experimental,8,30,True,97.61296103225808,True,69.743
2019-08-20T15:34:33:+0200,pcc_experimental,9,30,True,99.29502348387095,True,69.187
2019-08-20T15:34:33:+0200,pcc_experimental,10,30,True,98.99543741935486,True,68.4
2019-08-21T12:14:13:+0200,pcc_experimental,1,30,True,100.61984412903227,True,69.235
2019-08-21T12:14:13:+0200,pcc_experimental,2,30,True,97.53835148387095,True,70.111
2019-08-21T12:14:13:+0200,pcc_experimental,3,30,True,98.08190348387096,True,69.82600000000001
2019-08-21T12:14:13:+0200,pcc_experimental,4,30,True,99.66723509677419,True,70.143
2019-08-21T12:14:13:+0200,pcc_experimental,5,30,True,98.84662090322583,True,69.95
2019-08-21T12:14:13:+0200,pcc_experimental,6,30,True,100.51376722580646,True,70.199
2019-08-21T12:14:13:+0200,pcc_experimental,7,30,True,97.15032774193547,True,69.898
2019-08-21T12:14:13:+0200,pcc_experimental,8,30,True,97.9894049032258,True,70.164
2019-08-21T12:14:13:+0200,pcc_experimental,9,30,True,100.52293987096776,True,66.305
2019-08-21T12:14:13:+0200,pcc_experimental,10,30,True,99.92278296774194,True,69.77199999999999
2019-08-22T07:59:10:+0200,pcc_experimental,1,30,True,99.28302658064517,True,70.186
2019-08-22T07:59:10:+0200,pcc_experimental,2,30,True,101.68569600000004,True,67.344
2019-08-22T07:59:10:+0200,pcc_experimental,3,30,True,97.08116851612904,True,70.395
2019-08-22T07:59:10:+0200,pcc_experimental,4,30,True,97.77450322580646,True,70.085
2019-08-22T07:59:10:+0200,pcc_experimental,5,30,True,102.29889238709677,True,68.78
2019-08-22T07:59:10:+0200,pcc_experimental,6,30,True,99.67453316129033,True,69.836
2019-08-22T07:59:10:+0200,pcc_experimental,7,30,True,99.21752154838708,True,68.58
2019-08-22T07:59:10:+0200,pcc_experimental,8,30,True,98.79288361290321,True,70.21
2019-08-22T07:59:10:+0200,pcc_experimental,9,30,True,98.86322787096772,True,69.35
2019-08-22T07:59:10:+0200,pcc_experimental,10,30,True,98.07462193548386,True,69.85600000000001
2019-08-22T10:18:28:+0200,pcc_experimental,1,30,True,101.61755251612904,True,70.183
2019-08-22T10:18:28:+0200,pcc_experimental,2,30,True,98.47403561290322,True,70.27199999999999
2019-08-22T10:18:28:+0200,pcc_experimental,3,30,True,102.04251870967742,True,70.51
2019-08-22T10:18:28:+0200,pcc_experimental,4,30,True,100.06481548387099,True,68.971
2019-08-22T10:18:28:+0200,pcc_experimental,5,30,True,98.37371045161291,True,69.457
2019-08-22T10:18:28:+0200,pcc_experimental,6,30,True,100.90284799999999,True,70.028
2019-08-22T10:18:28:+0200,pcc_experimental,7,30,True,99.02950399999999,True,69.806
2019-08-22T10:18:28:+0200,pcc_experimental,8,30,True,97.94895277419353,True,69.896
2019-08-22T10:18:28:+0200,pcc_experimental,9,30,True,99.62140490322582,True,70.186
2019-08-22T10:18:28:+0200,pcc_experimental,10,30,True,99.58526761290322,True,70.205
2019-08-21T17:06:02:+0200,quic,1,30,True,70.18419406451612,True,46.443000000000005
2019-08-21T17:06:02:+0200,quic,2,30,True,68.72509883870967,True,46.458999999999996
2019-08-21T17:06:02:+0200,quic,3,30,True,62.27020670967742,True,46.538999999999994
2019-08-21T17:06:02:+0200,quic,4,30,True,61.835696,True,46.538000000000004
2019-08-21T17:06:02:+0200,quic,5,30,True,62.475952516129034,True,46.571000000000005
2019-08-21T17:06:02:+0200,quic,6,30,True,62.69954193548387,True,46.591
2019-08-21T17:06:02:+0200,quic,7,30,True,63.12963277419355,True,46.555
2019-08-21T17:06:02:+0200,quic,8,30,True,61.821826580645165,True,47.56
2019-08-21T17:06:02:+0200,quic,9,30,True,69.21117496774193,True,46.47
2019-08-21T17:06:02:+0200,quic,10,30,True,62.78484567741936,True,46.533
2019-08-20T15:34:33:+0200,quic,1,30,True,62.275760000000005,True,47.51
2019-08-20T15:34:33:+0200,quic,2,30,True,62.61856516129032,True,46.559
2019-08-20T15:34:33:+0200,quic,3,30,True,62.44170683870968,True,46.511
2019-08-20T15:34:33:+0200,quic,4,30,True,63.31117419354839,True,46.552
2019-08-20T15:34:33:+0200,quic,5,30,True,63.293973419354835,True,46.581
2019-08-20T15:34:33:+0200,quic,6,30,True,62.52769961290324,True,46.556000000000004
2019-08-20T15:34:33:+0200,quic,7,30,True,62.008863741935485,True,46.538999999999994
2019-08-20T15:34:33:+0200,quic,8,30,True,69.6300061935484,True,46.42
2019-08-20T15:34:33:+0200,quic,9,30,True,63.0259390967742,True,46.571000000000005
2019-08-20T15:34:33:+0200,quic,10,30,True,62.90692774193548,True,46.544
2019-08-21T12:14:13:+0200,quic,1,30,True,62.30478606451612,True,46.522
2019-08-21T12:14:13:+0200,quic,2,30,True,62.276147870967755,True,46.538999999999994
2019-08-21T12:14:13:+0200,quic,3,30,True,62.58535741935484,True,46.535
2019-08-21T12:14:13:+0200,quic,4,30,True,69.81699716129032,True,46.437
2019-08-21T12:14:13:+0200,quic,5,30,True,69.70684903225805,True,46.452
2019-08-21T12:14:13:+0200,quic,6,30,True,62.25949496774193,True,46.543
2019-08-21T12:14:13:+0200,quic,7,30,True,61.71891638709677,True,46.553999999999995
2019-08-21T12:14:13:+0200,quic,8,30,True,68.35068541935483,True,46.46
2019-08-21T12:14:13:+0200,quic,9,30,True,70.31943587096775,True,46.871
2019-08-21T12:14:13:+0200,quic,10,30,True,70.01443870967742,True,46.434
2019-08-22T07:59:10:+0200,quic,1,30,True,62.01721806451612,True,46.544
2019-08-22T07:59:10:+0200,quic,2,30,True,63.734143483870966,True,46.553000000000004
2019-08-22T07:59:10:+0200,quic,3,30,True,69.74370270967742,True,46.428999999999995
2019-08-22T07:59:10:+0200,quic,4,30,True,62.33054864516129,True,46.548
2019-08-22T07:59:10:+0200,quic,5,30,True,69.58371767741936,True,46.431999999999995
2019-08-22T07:59:10:+0200,quic,6,30,True,62.237681290322584,True,46.552
2019-08-22T07:59:10:+0200,quic,7,30,True,62.471611096774204,True,46.56100000000001
2019-08-22T07:59:10:+0200,quic,8,30,True,63.81370167741936,True,46.821999999999996
2019-08-22T07:59:10:+0200,quic,9,30,True,61.636508645161285,True,46.55
2019-08-22T07:59:10:+0200,quic,10,30,True,62.17048077419355,True,46.558
2019-08-22T10:18:28:+0200,quic,1,30,True,62.517053935483865,True,46.532
2019-08-22T10:18:28:+0200,quic,2,30,True,67.47649858064516,True,46.836000000000006
2019-08-22T10:18:28:+0200,quic,3,30,True,61.29029677419354,True,46.558
2019-08-22T10:18:28:+0200,quic,4,30,True,61.94487483870969,True,46.568000000000005
2019-08-22T10:18:28:+0200,quic,5,30,True,62.71537058064516,True,46.556999999999995
2019-08-22T10:18:28:+0200,quic,6,30,True,63.14067277419355,True,46.723
2019-08-22T10:18:28:+0200,quic,7,30,True,61.90507354838709,True,46.582
2019-08-22T10:18:28:+0200,quic,8,30,True,62.55846864516129,True,46.583999999999996
2019-08-22T10:18:28:+0200,quic,9,30,True,63.00833058064517,True,46.887
2019-08-22T10:18:28:+0200,quic,10,30,True,62.24262012903226,True,46.57
2019-08-21T17:06:02:+0200,scream,1,30,True,0.2118309677419355,True,46.638000000000005
2019-08-21T17:06:02:+0200,scream,2,30,True,0.21188954838709678,True,46.656000000000006
2019-08-21T17:06:02:+0200,scream,3,30,True,0.21190348387096772,True,46.645
2019-08-21T17:06:02:+0200,scream,4,30,True,0.21202967741935483,True,46.63
2019-08-21T17:06:02:+0200,scream,5,30,True,0.21210658064516127,True,46.882
2019-08-21T17:06:02:+0200,scream,6,30,True,0.2119974193548387,True,47.471000000000004
2019-08-21T17:06:02:+0200,scream,7,30,True,0.21202967741935486,True,46.655
2019-08-21T17:06:02:+0200,scream,8,30,True,0.21191380645161295,True,47.324
2019-08-21T17:06:02:+0200,scream,9,30,True,0.21203354838709676,True,46.638000000000005
2019-08-21T17:06:02:+0200,scream,10,30,True,0.21171483870967742,True,46.636
2019-08-20T15:34:33:+0200,scream,1,30,True,0.2115803870967742,True,46.596000000000004
2019-08-20T15:34:33:+0200,scream,2,30,True,0.2117295483870968,True,46.63
2019-08-20T15:34:33:+0200,scream,3,30,True,0.21176980645161286,True,46.602
2019-08-20T15:34:33:+0200,scream,4,30,True,0.21186193548387097,True,46.617
2019-08-20T15:34:33:+0200,scream,5,30,True,0.21171535483870968,True,46.615
2019-08-20T15:34:33:+0200,scream,6,30,True,0.21184877419354836,True,46.613
2019-08-20T15:34:33:+0200,scream,7,30,True,0.2120461935483871,True,46.611999999999995
2019-08-20T15:34:33:+0200,scream,8,30,True,0.2119574193548387,True,46.606
2019-08-20T15:34:33:+0200,scream,9,30,True,0.21198322580645165,True,47.458
2019-08-20T15:34:33:+0200,scream,10,30,True,0.2120433548387097,True,46.613
2019-08-21T12:14:13:+0200,scream,1,30,True,0.21199948387096776,True,46.625
2019-08-21T12:14:13:+0200,scream,2,30,True,0.2118221935483871,True,46.631
2019-08-21T12:14:13:+0200,scream,3,30,True,0.21198658064516132,True,46.638000000000005
2019-08-21T12:14:13:+0200,scream,4,30,True,0.2117633548387097,True,46.625
2019-08-21T12:14:13:+0200,scream,5,30,True,0.21201961290322577,True,47.485
2019-08-21T12:14:13:+0200,scream,6,30,True,0.21172954838709676,True,46.622
2019-08-21T12:14:13:+0200,scream,7,30,True,0.21203329032258064,True,46.637
2019-08-21T12:14:13:+0200,scream,8,30,True,0.2118294193548387,True,46.631
2019-08-21T12:14:13:+0200,scream,9,30,True,0.21194993548387095,True,47.466
2019-08-21T12:14:13:+0200,scream,10,30,True,0.21209058064516131,True,46.663000000000004
2019-08-22T07:59:10:+0200,scream,1,30,True,0.21177083870967744,True,46.653999999999996
2019-08-22T07:59:10:+0200,scream,2,30,True,0.21175483870967746,True,46.667
2019-08-22T07:59:10:+0200,scream,3,30,True,0.21155948387096773,True,46.636
2019-08-22T07:59:10:+0200,scream,4,30,True,0.21189135483870972,True,46.68899999999999
2019-08-22T07:59:10:+0200,scream,5,30,True,0.2120283870967742,True,46.652
2019-08-22T07:59:10:+0200,scream,6,30,True,0.211552,True,46.644
2019-08-22T07:59:10:+0200,scream,7,30,True,0.21182425806451613,True,46.648999999999994
2019-08-22T07:59:10:+0200,scream,8,30,True,0.211770064516129,True,46.638000000000005
2019-08-22T07:59:10:+0200,scream,9,30,True,0.21159174193548388,True,46.68
2019-08-22T07:59:10:+0200,scream,10,30,True,0.2117832258064516,True,46.661
2019-08-22T10:18:28:+0200,scream,1,30,True,0.211784,True,46.675
2019-08-22T10:18:28:+0200,scream,2,30,True,0.21176232258064515,True,46.669
2019-08-22T10:18:28:+0200,scream,3,30,True,0.21182245161290317,True,46.681000000000004
2019-08-22T10:18:28:+0200,scream,4,30,True,0.21199509677419356,True,46.684
2019-08-22T10:18:28:+0200,scream,5,30,True,0.21175999999999998,True,46.669
2019-08-22T10:18:28:+0200,scream,6,30,True,0.21189574193548383,True,47.45399999999999
2019-08-22T10:18:28:+0200,scream,7,30,True,0.21161367741935483,True,46.667
2019-08-22T10:18:28:+0200,scream,8,30,True,0.21175148387096776,True,46.672
2019-08-22T10:18:28:+0200,scream,9,30,True,0.2119215483870968,True,47.49
2019-08-22T10:18:28:+0200,scream,10,30,True,0.21184748387096777,True,47.474
2019-08-21T17:06:02:+0200,sprout,1,30,True,8.762310709677418,True,50.288000000000004
2019-08-21T17:06:02:+0200,sprout,2,30,True,8.833100129032257,True,50.238
2019-08-21T17:06:02:+0200,sprout,3,30,True,8.74264929032258,True,50.284
2019-08-21T17:06:02:+0200,sprout,4,30,True,8.671944516129031,True,50.303999999999995
2019-08-21T17:06:02:+0200,sprout,5,30,True,8.799505806451615,True,50.086999999999996
2019-08-21T17:06:02:+0200,sprout,6,30,True,8.729697032258068,True,50.211000000000006
2019-08-21T17:06:02:+0200,sprout,7,30,True,8.84882941935484,True,50.301
2019-08-21T17:06:02:+0200,sprout,8,30,True,8.848014193548387,True,50.278
2019-08-21T17:06:02:+0200,sprout,9,30,True,8.738390193548385,True,50.328
2019-08-21T17:06:02:+0200,sprout,10,30,True,8.836232516129032,True,50.361000000000004
2019-08-20T15:34:33:+0200,sprout,1,30,True,8.841748903225808,True,50.387
2019-08-20T15:34:33:+0200,sprout,2,30,True,8.855005935483868,True,50.229
2019-08-20T15:34:33:+0200,sprout,3,30,True,8.88676335483871,True,50.233999999999995
2019-08-20T15:34:33:+0200,sprout,4,30,True,8.822344258064515,True,50.153
2019-08-20T15:34:33:+0200,sprout,5,30,True,8.801320258064516,True,50.125
2019-08-20T15:34:33:+0200,sprout,6,30,True,8.801198709677418,True,50.233000000000004
2019-08-20T15:34:33:+0200,sprout,7,30,True,8.789251612903227,True,50.273
2019-08-20T15:34:33:+0200,sprout,8,30,True,8.719344774193548,True,50.022
2019-08-20T15:34:33:+0200,sprout,9,30,True,8.726932129032258,True,50.26
2019-08-20T15:34:33:+0200,sprout,10,30,True,8.74478219354839,True,50.114
2019-08-21T12:14:13:+0200,sprout,1,30,True,8.763448258064516,True,50.207
2019-08-21T12:14:13:+0200,sprout,2,30,True,8.665679483870967,True,50.191
2019-08-21T12:14:13:+0200,sprout,3,30,True,8.839383483870968,True,50.309
2019-08-21T12:14:13:+0200,sprout,4,30,True,8.806021935483868,True,50.327
2019-08-21T12:14:13:+0200,sprout,5,30,True,8.625329032258064,True,50.12
2019-08-21T12:14:13:+0200,sprout,6,30,True,8.696267096774193,True,50.326
2019-08-21T12:14:13:+0200,sprout,7,30,True,8.803310193548388,True,50.248999999999995
2019-08-21T12:14:13:+0200,sprout,8,30,True,8.765401032258064,True,50.221000000000004
2019-08-21T12:14:13:+0200,sprout,9,30,True,8.777169806451614,True,50.092
2019-08-21T12:14:13:+0200,sprout,10,30,True,8.859635612903224,True,50.306999999999995
2019-08-22T07:59:10:+0200,sprout,1,30,True,8.669700645161289,True,50.122
2019-08-22T07:59:10:+0200,sprout,2,30,True,8.81520206451613,True,49.997
2019-08-22T07:59:10:+0200,sprout,3,30,True,8.80495019354839,True,50.302
2019-08-22T07:59:10:+0200,sprout,4,30,True,8.839169548387096,True,50.205
2019-08-22T07:59:10:+0200,sprout,5,30,True,8.76115793548387,True,50.055
2019-08-22T07:59:10:+0200,sprout,6,30,True,8.672235870967743,True,50.245
2019-08-22T07:59:10:+0200,sprout,7,30,True,8.74849677419355,True,50.233999999999995
2019-08-22T07:59:10:+0200,sprout,8,30,True,8.743604645161291,True,50.256
2019-08-22T07:59:10:+0200,sprout,9,30,True,8.79868,True,50.277
2019-08-22T07:59:10:+0200,sprout,10,30,True,8.675945548387096,True,50.358999999999995
2019-08-22T10:18:28:+0200,sprout,1,30,True,8.80926735483871,True,50.082
2019-08-22T10:18:28:+0200,sprout,2,30,True,8.867380645161289,True,50.231
2019-08-22T10:18:28:+0200,sprout,3,30,True,8.775146322580646,True,50.178000000000004
2019-08-22T10:18:28:+0200,sprout,4,30,True,8.761174709677418,True,50.157
2019-08-22T10:18:28:+0200,sprout,5,30,True,8.912959999999998,True,50.266000000000005
2019-08-22T10:18:28:+0200,sprout,6,30,True,8.74524464516129,True,50.095
2019-08-22T10:18:28:+0200,sprout,7,30,True,8.794470193548385,True,50.176
2019-08-22T10:18:28:+0200,sprout,8,30,True,8.802122322580646,True,50.20399999999999
2019-08-22T10:18:28:+0200,sprout,9,30,True,8.811539870967744,True,50.254
2019-08-22T10:18:28:+0200,sprout,10,30,True,8.83110141935484,True,50.24
2019-08-21T17:06:02:+0200,taova,1,30,True,91.6129197419355,True,69.538
2019-08-21T17:06:02:+0200,taova,2,30,True,87.50416103225805,True,69.681
2019-08-21T17:06:02:+0200,taova,3,30,True,91.4864495483871,True,69.572
2019-08-21T17:06:02:+0200,taova,4,30,True,90.07417393548386,True,69.567
2019-08-21T17:06:02:+0200,taova,5,30,True,89.48690167741935,True,69.53399999999999
2019-08-21T17:06:02:+0200,taova,6,30,True,88.72445316129031,True,69.612
2019-08-21T17:06:02:+0200,taova,7,30,True,84.71223741935485,True,69.707
2019-08-21T17:06:02:+0200,taova,8,30,True,85.70123354838712,True,69.681
2019-08-21T17:06:02:+0200,taova,9,30,True,84.32016722580644,True,69.71600000000001
2019-08-21T17:06:02:+0200,taova,10,30,True,88.75227458064515,True,69.619
2019-08-20T15:34:33:+0200,taova,1,30,True,88.65434425806451,True,69.62
2019-08-20T15:34:33:+0200,taova,2,30,True,91.41618993548387,True,69.51100000000001
2019-08-20T15:34:33:+0200,taova,3,30,True,90.85491612903225,True,69.589
2019-08-20T15:34:33:+0200,taova,4,30,True,83.53973883870965,True,69.696
2019-08-20T15:34:33:+0200,taova,5,30,True,87.30839535483871,True,69.55199999999999
2019-08-20T15:34:33:+0200,taova,6,30,True,89.6598193548387,True,69.563
2019-08-20T15:34:33:+0200,taova,7,30,True,87.69242012903224,True,69.684
2019-08-20T15:34:33:+0200,taova,8,30,True,89.95274322580644,True,69.538
2019-08-20T15:34:33:+0200,taova,9,30,True,83.64438296774192,True,69.707
2019-08-20T15:34:33:+0200,taova,10,30,True,89.02298012903226,True,69.63
2019-08-21T12:14:13:+0200,taova,1,30,True,92.54128722580646,True,69.558
2019-08-21T12:14:13:+0200,taova,2,30,True,86.31928361290323,True,69.687
2019-08-21T12:14:13:+0200,taova,3,30,True,86.82454296774193,True,69.627
2019-08-21T12:14:13:+0200,taova,4,30,True,84.67374451612903,True,69.73
2019-08-21T12:14:13:+0200,taova,5,30,True,90.7073052903226,True,69.461
2019-08-21T12:14:13:+0200,taova,6,30,True,92.52356748387098,True,69.407
2019-08-21T12:14:13:+0200,taova,7,30,True,85.80656103225807,True,69.7
2019-08-21T12:14:13:+0200,taova,8,30,True,86.43231587096774,True,69.704
2019-08-21T12:14:13:+0200,taova,9,30,True,85.36041290322582,True,69.68
2019-08-21T12:14:13:+0200,taova,10,30,True,84.81133832258064,True,69.719
2019-08-22T07:59:10:+0200,taova,1,30,True,89.15304877419356,True,69.642
2019-08-22T07:59:10:+0200,taova,2,30,True,90.23575741935484,True,69.56
2019-08-22T07:59:10:+0200,taova,3,30,True,89.02981367741936,True,69.622
2019-08-22T07:59:10:+0200,taova,4,30,True,93.38994787096773,True,69.305
2019-08-22T07:59:10:+0200,taova,5,30,True,88.53942503225805,True,69.51899999999999
2019-08-22T07:59:10:+0200,taova,6,30,True,84.79297445161288,True,69.744
2019-08-22T07:59:10:+0200,taova,7,30,True,87.0148769032258,True,69.671
2019-08-22T07:59:10:+0200,taova,8,30,True,88.82428696774194,True,69.464
2019-08-22T07:59:10:+0200,taova,9,30,True,90.35201445161287,True,69.529
2019-08-22T07:59:10:+0200,taova,10,30,True,85.45396232258062,True,69.712
2019-08-22T10:18:28:+0200,taova,1,30,True,87.09298167741935,True,69.648
2019-08-22T10:18:28:+0200,taova,2,30,True,92.32106941935484,True,69.421
2019-08-22T10:18:28:+0200,taova,3,30,True,91.59902348387098,True,69.602
2019-08-22T10:18:28:+0200,taova,4,30,True,90.76041909677417,True,69.445
2019-08-22T10:18:28:+0200,taova,5,30,True,86.53417290322581,True,69.207
2019-08-22T10:18:28:+0200,taova,6,30,True,86.66584361290322,True,69.673
2019-08-22T10:18:28:+0200,taova,7,30,True,88.55758658064515,True,69.60600000000001
2019-08-22T10:18:28:+0200,taova,8,30,True,89.56767380645162,True,69.64399999999999
2019-08-22T10:18:28:+0200,taova,9,30,True,90.1445987096774,True,69.593
2019-08-22T10:18:28:+0200,taova,10,30,True,86.6280175483871,True,69.665
2019-08-21T17:06:02:+0200,vegas,1,30,True,108.4627643870968,True,72.26899999999999
2019-08-21T17:06:02:+0200,vegas,2,30,True,108.47504722580648,True,72.293
2019-08-21T17:06:02:+0200,vegas,3,30,True,108.430144,True,72.173
2019-08-21T17:06:02:+0200,vegas,4,30,True,108.51302399999999,True,74.196
2019-08-21T17:06:02:+0200,vegas,5,30,True,81.49992567741937,True,47.225
2019-08-21T17:06:02:+0200,vegas,6,30,True,108.49866012903229,True,73.158
2019-08-21T17:06:02:+0200,vegas,7,30,True,85.90304722580646,True,47.195
2019-08-21T17:06:02:+0200,vegas,8,30,True,86.73840206451614,True,47.157
2019-08-21T17:06:02:+0200,vegas,9,30,True,108.44392258064518,True,70.533
2019-08-21T17:06:02:+0200,vegas,10,30,True,84.58268283870969,True,47.269
2019-08-20T15:34:33:+0200,vegas,1,30,True,108.46382141935483,True,72.169
2019-08-20T15:34:33:+0200,vegas,2,30,True,86.11595045161292,True,47.193000000000005
2019-08-20T15:34:33:+0200,vegas,3,30,True,86.29246658064514,True,47.193000000000005
2019-08-20T15:34:33:+0200,vegas,4,30,True,85.07388593548386,True,47.185
2019-08-20T15:34:33:+0200,vegas,5,30,True,108.53305806451615,True,73.47
2019-08-20T15:34:33:+0200,vegas,6,30,True,84.72201496774193,True,47.18600000000001
2019-08-20T15:34:33:+0200,vegas,7,30,True,108.43943432258067,True,70.718
2019-08-20T15:34:33:+0200,vegas,8,30,True,108.49517625806453,True,73.656
2019-08-20T15:34:33:+0200,vegas,9,30,True,86.7693698064516,True,47.233999999999995
2019-08-20T15:34:33:+0200,vegas,10,30,True,108.35195045161292,True,70.888
2019-08-21T12:14:13:+0200,vegas,1,30,True,89.7469181935484,True,47.446999999999996
2019-08-21T12:14:13:+0200,vegas,2,30,True,108.4948304516129,True,74.418
2019-08-21T12:14:13:+0200,vegas,3,30,True,82.15134658064514,True,47.211999999999996
2019-08-21T12:14:13:+0200,vegas,4,30,True,78.80485367741936,True,47.086000000000006
2019-08-21T12:14:13:+0200,vegas,5,30,True,108.43945703225803,True,72.296
2019-08-21T12:14:13:+0200,vegas,6,30,True,87.24511174193549,True,47.233999999999995
2019-08-21T12:14:13:+0200,vegas,7,30,True,108.48784412903225,True,72.307
2019-08-21T12:14:13:+0200,vegas,8,30,True,55.16949883870968,True,46.842
2019-08-21T12:14:13:+0200,vegas,9,30,True,108.49672464516128,True,73.58800000000001
2019-08-21T12:14:13:+0200,vegas,10,30,True,81.801024,True,47.184
2019-08-22T07:59:10:+0200,vegas,1,30,True,87.69685367741937,True,47.25
2019-08-22T07:59:10:+0200,vegas,2,30,True,85.954144,True,47.177
2019-08-22T07:59:10:+0200,vegas,3,30,True,84.56717625806453,True,47.153
2019-08-22T07:59:10:+0200,vegas,4,30,True,108.47620851612902,True,74.319
2019-08-22T07:59:10:+0200,vegas,5,30,True,108.48075974193547,True,72.957
2019-08-22T07:59:10:+0200,vegas,6,30,True,108.48010219354838,True,72.771
2019-08-22T07:59:10:+0200,vegas,7,30,True,108.43715303225807,True,72.541
2019-08-22T07:59:10:+0200,vegas,8,30,True,108.46575690322582,True,72.57300000000001
2019-08-22T07:59:10:+0200,vegas,9,30,True,108.4425310967742,True,72.05
2019-08-22T07:59:10:+0200,vegas,10,30,True,108.50126245161289,True,74.33
2019-08-22T10:18:28:+0200,vegas,1,30,True,37.09440206451613,True,46.803999999999995
2019-08-22T10:18:28:+0200,vegas,2,30,True,81.44412077419355,True,47.178000000000004
2019-08-22T10:18:28:+0200,vegas,3,30,True,38.220853677419356,True,46.813
2019-08-22T10:18:28:+0200,vegas,4,30,True,54.406144,True,46.833999999999996
2019-08-22T10:18:28:+0200,vegas,5,30,True,81.16695948387095,True,47.196999999999996
2019-08-22T10:18:28:+0200,vegas,6,30,True,108.51895638709678,True,75.80199999999999
2019-08-22T10:18:28:+0200,vegas,7,30,True,108.5229935483871,True,76.95100000000001
2019-08-22T10:18:28:+0200,vegas,8,30,True,108.44603767741935,True,72.404
2019-08-22T10:18:28:+0200,vegas,9,30,True,108.47392722580648,True,71.899
2019-08-22T10:18:28:+0200,vegas,10,30,True,86.10317625806454,True,47.18600000000001
2019-08-21T17:06:02:+0200,verus,1,30,True,70.91196077419355,True,92.242
2019-08-21T17:06:02:+0200,verus,2,30,True,66.05878090322581,True,92.50299999999999
2019-08-21T17:06:02:+0200,verus,3,30,True,65.22118400000001,True,92.18
2019-08-21T17:06:02:+0200,verus,4,30,True,69.68264619354836,True,91.911
2019-08-21T17:06:02:+0200,verus,5,30,True,57.206800516129036,True,92.916
2019-08-21T17:06:02:+0200,verus,6,30,True,68.86946012903226,True,91.835
2019-08-21T17:06:02:+0200,verus,7,30,True,67.78775483870967,True,91.796
2019-08-21T17:06:02:+0200,verus,8,30,True,68.88090270967741,True,92.44200000000001
2019-08-21T17:06:02:+0200,verus,9,30,True,67.4932990967742,True,92.008
2019-08-21T17:06:02:+0200,verus,10,30,True,68.65243251612904,True,91.823
2019-08-20T15:34:33:+0200,verus,1,30,True,66.65455793548387,True,91.822
2019-08-20T15:34:33:+0200,verus,2,30,True,65.1216335483871,True,92.199
2019-08-20T15:34:33:+0200,verus,3,30,True,64.87943225806451,True,92.594
2019-08-20T15:34:33:+0200,verus,4,30,True,68.98731870967742,True,91.992
2019-08-20T15:34:33:+0200,verus,5,30,True,67.50893729032258,True,91.84700000000001
2019-08-20T15:34:33:+0200,verus,6,30,True,72.98840774193549,True,92.162
2019-08-20T15:34:33:+0200,verus,7,30,True,68.56012903225806,True,91.84700000000001
2019-08-20T15:34:33:+0200,verus,8,30,True,67.44600309677419,True,92.022
2019-08-20T15:34:33:+0200,verus,9,30,True,68.5387695483871,True,91.965
2019-08-20T15:34:33:+0200,verus,10,30,True,68.14285625806451,True,91.86
2019-08-21T12:14:13:+0200,verus,1,30,True,62.60922425806452,True,92.76100000000001
2019-08-21T12:14:13:+0200,verus,2,30,True,69.2344784516129,True,92.242
2019-08-21T12:14:13:+0200,verus,3,30,True,67.26444748387097,True,92.08200000000001
2019-08-21T12:14:13:+0200,verus,4,30,True,66.67019612903225,True,91.91
2019-08-21T12:14:13:+0200,verus,5,30,True,63.411349161290325,True,92.85600000000001
2019-08-21T12:14:13:+0200,verus,6,30,True,62.458945032258065,True,92.45200000000001
2019-08-21T12:14:13:+0200,verus,7,30,True,70.59233135483872,True,91.87899999999999
2019-08-21T12:14:13:+0200,verus,8,30,True,65.85853574193548,True,92.245
2019-08-21T12:14:13:+0200,verus,9,30,True,66.85022606451612,True,92.124
2019-08-21T12:14:13:+0200,verus,10,30,True,65.48093058064516,True,92.26
2019-08-22T07:59:10:+0200,verus,1,30,True,67.6500624516129,True,91.785
2019-08-22T07:59:10:+0200,verus,2,30,True,65.87875096774194,True,92.741
2019-08-22T07:59:10:+0200,verus,3,30,True,68.06161393548388,True,92.749
2019-08-22T07:59:10:+0200,verus,4,30,True,67.7110895483871,True,91.794
2019-08-22T07:59:10:+0200,verus,5,30,True,69.18260541935484,True,92.051
2019-08-22T07:59:10:+0200,verus,6,30,True,68.39840722580647,True,92.225
2019-08-22T07:59:10:+0200,verus,7,30,True,71.83118141935483,True,91.84100000000001
2019-08-22T07:59:10:+0200,verus,8,30,True,63.80649961290323,True,92.48299999999999
2019-08-22T07:59:10:+0200,verus,9,30,True,64.37176309677419,True,92.81200000000001
2019-08-22T07:59:10:+0200,verus,10,30,True,68.34119432258065,True,91.90799999999999
2019-08-22T10:18:28:+0200,verus,1,30,True,69.44502193548387,True,92.197
2019-08-22T10:18:28:+0200,verus,2,30,True,68.43998193548387,True,91.816
2019-08-22T10:18:28:+0200,verus,3,30,True,61.66902554838709,True,92.993
2019-08-22T10:18:28:+0200,verus,4,30,True,68.22448,True,92.031
2019-08-22T10:18:28:+0200,verus,5,30,True,57.0569027096774,True,93.054
2019-08-22T10:18:28:+0200,verus,6,30,True,70.01715096774194,True,92.29299999999999
2019-08-22T10:18:28:+0200,verus,7,30,True,65.70139096774194,True,92.037
2019-08-22T10:18:28:+0200,verus,8,30,True,64.58154374193548,True,92.56200000000001
2019-08-22T10:18:28:+0200,verus,9,30,True,68.99609135483871,True,92.249
2019-08-22T10:18:28:+0200,verus,10,30,True,55.62658012903225,True,92.63
2019-08-21T17:06:02:+0200,vivace,1,30,True,98.47050012903227,True,47.681999999999995
2019-08-21T17:06:02:+0200,vivace,2,30,True,98.03182245161291,True,47.882
2019-08-21T17:06:02:+0200,vivace,3,30,True,97.91921754838708,True,47.687
2019-08-21T17:06:02:+0200,vivace,4,30,True,98.4797212903226,True,47.641999999999996
2019-08-21T17:06:02:+0200,vivace,5,30,True,98.16435406451613,True,47.393
2019-08-21T17:06:02:+0200,vivace,6,30,True,97.91701574193549,True,47.771
2019-08-21T17:06:02:+0200,vivace,7,30,True,98.13568929032257,True,48.04
2019-08-21T17:06:02:+0200,vivace,8,30,True,97.77805832258065,True,47.946999999999996
2019-08-21T17:06:02:+0200,vivace,9,30,True,97.8094668387097,True,47.713
2019-08-21T17:06:02:+0200,vivace,10,30,True,97.87331303225807,True,47.593999999999994
2019-08-20T15:34:33:+0200,vivace,1,30,True,98.22255277419355,True,47.724
2019-08-20T15:34:33:+0200,vivace,2,30,True,98.22595303225806,True,47.795
2019-08-20T15:34:33:+0200,vivace,3,30,True,97.79527638709678,True,47.831
2019-08-20T15:34:33:+0200,vivace,4,30,True,98.06892387096777,True,47.633
2019-08-20T15:34:33:+0200,vivace,5,30,True,98.31643561290325,True,47.781000000000006
2019-08-20T15:34:33:+0200,vivace,6,30,True,98.4756449032258,True,47.786
2019-08-20T15:34:33:+0200,vivace,7,30,True,98.49070658064517,True,47.56399999999999
2019-08-20T15:34:33:+0200,vivace,8,30,True,97.94177754838711,True,48.001000000000005
2019-08-20T15:34:33:+0200,vivace,9,30,True,98.46856051612905,True,47.812
2019-08-20T15:34:33:+0200,vivace,10,30,True,98.24849135483869,True,47.849
2019-08-21T12:14:13:+0200,vivace,1,30,True,98.16969393548389,True,47.681999999999995
2019-08-21T12:14:13:+0200,vivace,2,30,True,97.90635767741934,True,47.638000000000005
2019-08-21T12:14:13:+0200,vivace,3,30,True,98.50260851612903,True,47.79600000000001
2019-08-21T12:14:13:+0200,vivace,4,30,True,97.938464,True,47.838
2019-08-21T12:14:13:+0200,vivace,5,30,True,98.49037935483871,True,47.797
2019-08-21T12:14:13:+0200,vivace,6,30,True,98.31314374193549,True,47.644
2019-08-21T12:14:13:+0200,vivace,7,30,True,98.02013935483872,True,47.729
2019-08-21T12:14:13:+0200,vivace,8,30,True,97.99949729032258,True,47.578
2019-08-21T12:14:13:+0200,vivace,9,30,True,98.16537703225808,True,47.742
2019-08-21T12:14:13:+0200,vivace,10,30,False,,True,47.828
2019-08-22T07:59:10:+0200,vivace,1,30,True,97.78328774193548,True,47.93
2019-08-22T07:59:10:+0200,vivace,2,30,True,98.20308748387097,True,47.81399999999999
2019-08-22T07:59:10:+0200,vivace,3,30,True,97.79183277419354,True,47.505
2019-08-22T07:59:10:+0200,vivace,4,30,True,98.00743329032258,True,47.583999999999996
2019-08-22T07:59:10:+0200,vivace,5,30,True,98.23484696774194,True,47.873999999999995
2019-08-22T07:59:10:+0200,vivace,6,30,True,98.4925811612903,True,47.8
2019-08-22T07:59:10:+0200,vivace,7,30,True,98.5798369032258,True,47.905
2019-08-22T07:59:10:+0200,vivace,8,30,True,97.97286090322581,True,47.677
2019-08-22T07:59:10:+0200,vivace,9,30,True,97.98984051612902,True,47.626999999999995
2019-08-22T07:59:10:+0200,vivace,10,30,True,98.35994322580645,True,47.598
2019-08-22T10:18:28:+0200,vivace,1,30,True,97.96911174193549,True,47.574
2019-08-22T10:18:28:+0200,vivace,2,30,True,97.0729950967742,True,70.965
2019-08-22T10:18:28:+0200,vivace,3,30,True,98.23809341935484,True,47.82899999999999
2019-08-22T10:18:28:+0200,vivace,4,30,True,98.06563406451612,True,47.907
2019-08-22T10:18:28:+0200,vivace,5,30,True,98.39202993548388,True,47.494
2019-08-22T10:18:28:+0200,vivace,6,30,True,98.49550245161291,True,47.993
2019-08-22T10:18:28:+0200,vivace,7,30,True,97.75148490322579,True,47.479
2019-08-22T10:18:28:+0200,vivace,8,30,True,98.33664206451614,True,47.43600000000001
2019-08-22T10:18:28:+0200,vivace,9,30,True,97.95598967741937,True,47.681999999999995
2019-08-22T10:18:28:+0200,vivace,10,30,True,97.90740232258065,True,47.7
2019-08-21T17:06:02:+0200,webrtc,1,30,True,2.1000885970149255,True,47.097
2019-08-21T17:06:02:+0200,webrtc,2,30,True,2.1164437014925377,True,47.122
2019-08-21T17:06:02:+0200,webrtc,3,30,True,2.0823751641791044,True,47.156000000000006
2019-08-21T17:06:02:+0200,webrtc,4,30,True,2.108514149253731,True,47.138999999999996
2019-08-21T17:06:02:+0200,webrtc,5,30,True,2.105437611940298,True,47.175
2019-08-21T17:06:02:+0200,webrtc,6,30,True,2.1161461492537317,True,47.111000000000004
2019-08-21T17:06:02:+0200,webrtc,7,30,True,2.0999388656716413,True,47.157
2019-08-21T17:06:02:+0200,webrtc,8,30,True,2.084210388059702,True,47.108999999999995
2019-08-21T17:06:02:+0200,webrtc,9,30,True,2.102313552238806,True,47.093999999999994
2019-08-21T17:06:02:+0200,webrtc,10,30,True,2.1034228059701494,True,47.147
2019-08-20T15:34:33:+0200,webrtc,1,30,True,2.186873353846154,True,47.13
2019-08-20T15:34:33:+0200,webrtc,2,30,True,2.0852496470588235,True,47.07899999999999
2019-08-20T15:34:33:+0200,webrtc,3,30,True,2.081333882352941,True,47.125
2019-08-20T15:34:33:+0200,webrtc,4,30,True,2.1075238208955227,True,47.126000000000005
2019-08-20T15:34:33:+0200,webrtc,5,30,True,2.067182588235294,True,47.118
2019-08-20T15:34:33:+0200,webrtc,6,30,True,2.086559044776119,True,47.12
2019-08-20T15:34:33:+0200,webrtc,7,30,True,2.1091035223880596,True,47.09
2019-08-20T15:34:33:+0200,webrtc,8,30,True,2.123443343283582,True,47.12
2019-08-20T15:34:33:+0200,webrtc,9,30,True,2.1003402985074633,True,47.088
2019-08-20T15:34:33:+0200,webrtc,10,30,True,2.0877432941176473,True,47.08
2019-08-21T12:14:13:+0200,webrtc,1,30,True,2.097148656716418,True,47.091
2019-08-21T12:14:13:+0200,webrtc,2,30,True,2.110097194029851,True,47.157
2019-08-21T12:14:13:+0200,webrtc,3,30,True,2.108980059701493,True,47.146
2019-08-21T12:14:13:+0200,webrtc,4,30,True,2.1095608358208957,True,47.118
2019-08-21T12:14:13:+0200,webrtc,5,30,True,2.1129626268656714,True,47.126000000000005
2019-08-21T12:14:13:+0200,webrtc,6,30,True,2.105369074626865,True,47.146
2019-08-21T12:14:13:+0200,webrtc,7,30,True,2.1187937910447765,True,47.103
2019-08-21T12:14:13:+0200,webrtc,8,30,True,2.108742925373135,True,47.152
2019-08-21T12:14:13:+0200,webrtc,9,30,True,2.114836059701492,True,47.147
2019-08-21T12:14:13:+0200,webrtc,10,30,True,2.121905671641791,True,47.076
2019-08-22T07:59:10:+0200,webrtc,1,30,True,2.0944897910447757,True,47.163000000000004
2019-08-22T07:59:10:+0200,webrtc,2,30,True,2.115580417910448,True,47.175
2019-08-22T07:59:10:+0200,webrtc,3,30,True,2.1049191641791047,True,47.173
2019-08-22T07:59:10:+0200,webrtc,4,30,True,2.0969401791044775,True,47.136
2019-08-22T07:59:10:+0200,webrtc,5,30,True,2.1073872238805973,True,47.123000000000005
2019-08-22T07:59:10:+0200,webrtc,6,30,True,2.0866526567164176,True,47.143
2019-08-22T07:59:10:+0200,webrtc,7,30,True,2.0950199402985077,True,47.159
2019-08-22T07:59:10:+0200,webrtc,8,30,True,2.1083460298507464,True,47.107
2019-08-22T07:59:10:+0200,webrtc,9,30,True,2.100126567164179,True,47.193000000000005
2019-08-22T07:59:10:+0200,webrtc,10,30,True,2.0999596417910444,True,47.201
2019-08-22T10:18:28:+0200,webrtc,1,30,True,2.1148009552238802,True,47.128
2019-08-22T10:18:28:+0200,webrtc,2,30,True,2.098252895522388,True,47.153
2019-08-22T10:18:28:+0200,webrtc,3,30,True,2.105257313432836,True,47.153
2019-08-22T10:18:28:+0200,webrtc,4,30,True,2.121093970149254,True,47.155
2019-08-22T10:18:28:+0200,webrtc,5,30,True,2.103207164179105,True,47.165
2019-08-22T10:18:28:+0200,webrtc,6,30,True,2.1106586268656717,True,47.163999999999994
2019-08-22T10:18:28:+0200,webrtc,7,30,True,2.1057251343283587,True,47.224
2019-08-22T10:18:28:+0200,webrtc,8,30,True,2.1056308059701485,True,47.19
2019-08-22T10:18:28:+0200,webrtc,9,30,True,2.080743880597015,True,47.162
2019-08-22T10:18:28:+0200,webrtc,10,30,True,2.097946507462687,True,47.18600000000001
